"maxfeat","validation","test"
"auto",0.03994264599592603,0.06934976109187459
"sqrt",0.046070280305439075,0.14173012940097127
"log2",0.04607028030543907,0.14173012940097124