"criteria","validation","test"
"squared_error",0.03994264599592602,0.06934976109187459
"poisson",0.2574547844532751,0.42483205691660864